GRANT_TITLE,PROJECT_TITLE,CONTRACTOR,FUNDING_SOURCE,CATEGORY,STATUS,START_YEAR,END_YEAR,PROJECT_COST,PROJECT_DESCRIPTION,EJ_PROJECT,EJ_REASON,REPORT,LATITUDE,LONGITUDE
Monitoring Existing Green Infrastructure for Future Planning Success,Monitoring Existing Green Infrastructure for Future Planning Success,Audubon Society of RI,SNEP,Planning,Ongoing,2021,2024,73000,Conduct low-cost effectiveness monitoring of green infrastructure projects in Roger Williams Park and across Providence. ,Yes,Point Location,,41.783611,-71.411667
GIS Storm Drainage Assessment Project,GIS Storm Drainage Assessment Project,"Town of Barrington, RI",SNEP,Planning,Ongoing,2021,2024,33700,Complete stormwater drainage system geodatabase to identify opportunities to retrofit existing or install new green infrastructure.,No,,,41.7425,-71.308889
Green Infrastructure Planning for Annawamscutt Neighborhood,Green Infrastructure Planning for Annawamscutt Neighborhood,"Town of Bristol, RI",SNEP,Planning,Ongoing,2021,2024,70818,Develop 10% concept designs for up to three green infrastructure projects in the Sowams and Annawamscutt neighborhoods.,No,,,41.756944,-71.293611
Advancing Green Infrastructure in the Blackstone Watershed,Advancing Green Infrastructure in the Blackstone Watershed,Clark University,SNEP,Capacity-Building,Ongoing,2021,2024,24946,Work with municipal decision-makers in Woonsocket and Worcester to create conditions for installation of nature-based solutions. ,Yes,Point Location,,42.008611,-71.515556
Advancing Green Infrastructure in the Blackstone Watershed,Advancing Green Infrastructure in the Blackstone Watershed (2),Clark University,SNEP,Capacity-Building,Ongoing,2021,2024,24946,Work with municipal decision-makers in Woonsocket and Worcester to create conditions for installation of nature-based solutions. ,Yes,Point Location,,42.2675,-71.801944
Stormwater Planning to Restore the Water Quality of a Runnins River Tributary,Stormwater Planning to Restore the Water Quality of a Runnins River Tributary,"City of East Providence, RI",SNEP,Planning,Ongoing,2021,2024,45000,"Develop conceptual plans for stormwater management in Runnins River watershed, including design and permitting for 1 green practice.",Yes,Point Location,,41.8,-71.347778
Blackstone Parks Gateway Project,Blackstone Parks Gateway Project,"Groundwork Rhode Island, Providence, RI",SNEP,Planning,Ongoing,2021,2024,92099,Advance renderings of green infrastructure projects at the south end of Blackstone Boulevard to 75% design and public engagement stage.,No,,,41.833056,-71.383611
Planning Groundwork Southcoast's Fall River Resilience District,Planning Groundwork Southcoast's Fall River Resilience District,"Groundwork Southcoast, Fall River, MA",SNEP,Capacity-Building,Complete,2021,2022,25000,Launch Resilience District model in Fall River that will create and maintain green open spaces that benefit the community ,Yes,Point Location,https://nbep.org/s/NBEP-22-255.pdf,41.707778,-71.154167
Leading by example: Green Infrastructure Design for NBNERR Headquarters,Leading by example: Green Infrastructure Design for NBNERR Headquarters,"Narragansett Bay Reserve, Prudence Island, RI",NEP,Planning,Ongoing,2021,2024,50015,"Complete conceptual designs, plans, costs, and permitting for at least 4 green infrastructure practices on reserve property.",Yes,Point Location,,41.590833,-71.324444
Downtown Westerly's resilient riverside renewal,Downtown Westerly's resilient riverside renewal,"Southern RI Conservation District, Westerly, RI",SNEP,Planning,Complete,2021,2023,75000,Develop a master plan with three concept designs and outreach for green infrastructure consistent with MRP/Comprehensive Plan.,No,,https://nbep.org/s/NBEP-2023-002.pdf,41.37,-71.831389
"Green Hill Watershed Water Quality Treatment, Design, Permitting","Green Hill Watershed Water Quality Treatment, Design, Permitting","Town of South Kingstown, RI",SNEP,Planning,Ongoing,2021,2024,99000,"Complete designs, permitting, and outreach for 4 private sites that builds on existing engineering designs for Green Hill Pond watershed.",No,,,41.371389,-71.6125
Salmon Street Stormwater Planning,Salmon Street Stormwater Planning,Woonasquatucket River Watershed Council,SNEP,Planning,Ongoing,2021,2024,60410,"Engage engineers and residents to create effective, community-supported 30% designs for green infrastructure on Salmon Avenue.",Yes,Point Location,,41.823056,-71.455
Blackstone River Commons,Blackstone River Commons,Rhode Island School of Design,NEP,Outreach,Ongoing,2021,2023,15000,"The Blackstone River Commons will organize a paddle down the Blackstone River, develop posters and outreach materials highlighting key issues on the river, and develop/publish publications on the issue.",Yes,Point Location,,41.86824071,-71.37930515
Supplies to Support BRWC Efforts to Build New Knowledge and Connections,Supplies to Support BRWC Efforts to Build New Knowledge and Connections,Blackstone River Watershed Council,NEP,Outreach,Ongoing,2021,2023,10000,"For over 30 years Blackstone River Watershed Council/Friends of the Blackstone (BRWC) has been dedicated to restoring the Blackstone River in Rhode Island through community volunteer stewardship projects, educational programs, and advocacy for a river that all local residents can enjoy. The State of Rhode Island designated BRWC as official stewards of the river in 2002 at §46-28 and was formally incorporated as a 501(c)3 in 2005. BRWC has strong relationships with the river community, especially indigenous people in the region (see the Kittacuck Speaks event). The goal of this project is to enable BRWC to purchase supplies to support their efforts to build new knowledge and connections in the local area, with an emphasis on establishing equal two-way partnerships with the BIPOC community, to advance recommendations in Narragansett Bay Estuary Program (NBEP) Blackstone Needs Assessment. ",Yes,Point Location,,41.87771834,-71.38240061
"Blackstone River Watershed Community Engagement, Educational Events, and Water Quality Testing","Blackstone River Watershed Community Engagement, Educational Events, and Water Quality Testing",Blackstone River Watershed Council,BIL,Outreach,Ongoing,2022,2023,15000,"For over 30 years, Blackstone River Watershed Council/Friends of the Blackstone (BRWC) has been dedicated to restoring the Blackstone River in Rhode Island through community volunteer stewardship projects, educational programs, and advocacy for a river that all local residents can enjoy. The State of Rhode Island designated BRWC as official stewards of the river in 2002 at §46-28 and was formally incorporated as a 501(c)3 in 2005. BRWC has strong relationships with the river community, especially indigenous people in the region (see the Kittacuck Speaks event). The goal of this project is for BRWC to build new knowledge and connections in the local area, with an emphasis on establishing equal two-way partnerships with the BIPOC community, and to advance recommendations in Narragansett Bay Estuary Program (NBEP) Blackstone Needs Assessment. BRWC will also perform water quality testing in the Blackstone River to raise awareness of ongoing issues that restrict recreational use of the river.",Yes,Point Location,,41.87783817,-71.38238987
Planning and Engineering Design for Phase 1 Fish Passage in the Blackstone River,Planning and Engineering Design for Phase 1 Fish Passage in the Blackstone River,The Nature Conservancy - RI Chapter,BIL,Planning,Ongoing,2022,2024,300000,"The Blackstone River is a large tributary of Narragansett Bay and is important to the bay ecosystem. From its headwaters in Massachusetts the river flows southeasterly for about 48 miles where it meets tidewater at Main Street in the City of Pawtucket flowing into the Providence River estuary. The watershed is comprised of 475 square miles, 30% of which is in the state of Rhode Island. Much of the mainstem of the river flows through heavily industrialized communities comprised of mill dams and mill towns, beginning with the Main Street Dam in the City of Pawtucket, at tide water, and continuing upstream and into the City of Worcester. Because of this industrial development, the mainstem of the river has been heavily impounded, constricted and straightened. However,  historic records indicate that prior to the industrial development on the river, and the construction of mill dams for water power, populations of diadromous fish including river herring, American shad, and American
",Yes,Point Location,,41.87778225,-71.38245425
Blackstone Collaborative Capacity Support,Blackstone Collaborative Capacity Support,Clark University,NEP,Capacity-Building,Ongoing,2022,2023,100000,"This funding supports the capacity of the Collaborative for FY23 through funding the salary of the Program Manager. This funding also supports direct partner financial assistance by providing $13,700 in pass-through funding of projects to support high-priority projects throughout the watershed. This grant will support the Collaborative to grow in effectiveness, reputation, scope, and ability to support the region through continued implementation of the Blackstone River Watershed Needs Assessment Report, including directly supporting Report Goals # 1, 6, 7, 11, 12, 14, 15, 17, and 19. Additionally, through support of partners’ projects, Goals # 9, 13, and 20 will likely also be advanced.",Yes,Watershed,,42.2522071,-71.82451727
Succotash Marsh Resilience Project Planning and Design,Succotash Marsh Resilience Project Planning and Design,"Narragansett Bay Reserve, Prudence Island, RI",NEP,Planning,Ongoing,2022,2024,200000,"Succotash marsh is located within Potters and Point Judith Ponds in South Kingstown, RI, and is designated as a RI DEM Wildlife Management Area. The 182-acre salt-marsh system is composed of open water, tidal flat, high marsh, and low marsh zones and is bisected by Succotash Road. Areas around the marsh perimeter include developed residential and commercial areas, a state beach, upland grassland and coastal shrubland. Within the marsh complex, small islands vegetated with shrub and tree species, tidal creeks, and intertidal flats provide a diverse habitat. The marsh provides breeding grounds for a diverse assemblage of birds, including salt marsh sparrows, and supports local commercial (e.g., aquaculture) and recreational (e.g., hunting, kayaking, birding) interests. ",No,,,41.378879,-71.525852
Upper Wood-Pawcatuck Watershed Cold Water Stream Restoration,Upper Wood-Pawcatuck Watershed Cold Water Stream Restoration,Wood-Pawcatuck Watershed Association,BIL,Planning,Ongoing,2022,2024,134800,"The partner’s goal is to develop a well-organized cold water stream restoration program for the Wood-Pawcatuck watershed to serve as a model for all of Rhode Island. We will first pool all of the existing technical resources and information into a master planning document for the Wood-Pawcatuck watershed’s cold-water streams with the assistance of the multi-disciplinary firm of Fuss & O’Neill Inc. This firm was pre-selected to ensure the Wood-Pawcatuck Cold Water Stream Restoration Plan (Plan) is consistent with already existing management plans for the watershed. This Plan will contain a prioritized list of restoration project targets. These priority targets/sites will serve as guidance to a range of watershed stakeholders who seek to restore cold water streams in the watershed. For the purpose of NBEP’s initial funding, the project partners will select up to two (2) project sites and undertake the design and permitting required to construct at least one of the two projects. With the fully developed restoration Plan in hand, the project partners will seek additional funding from NBEP and other sources to design, permit and construct the larger and highest priority projects recommended in the Plan. ",No,,,41.54100303,-71.69644919
"Development of a One-Dimensional Water Quality Model for the Blackstone River, Part 1: Chemical Monitoring of Pollutants in the Blackstone River","Development of a One-Dimensional Water Quality Model for the Blackstone River, Part 1: Chemical Monitoring of Pollutants in the Blackstone River",University of Rhode Island,,Monitoring,Complete,1985,1988,0,"Water samples were collected from nine stations on the Blackstone River and effluent samples were collected from four major point sources on the river. The samples were collected on three dates during the summer/fall of 1985 and analyzed for a variety of organic and metal pollutants. In most cases the organic pollutants were strongly associated with the particulate phase of the samples. The average concentrations of hydrocarbons, phthalates, coprostanol, and hexach1orocyclohexanes (HCHs) were highest in the Woonsocket Wastewater Treatment Plant effluent.",No,,https://nbep.org/s/NBEP-88-03.pdf,41.9992,-71.49632
Environmental Conditions & Plankton Dynamics in Narragansett Bay During An Annual Cycle Characterized By Brown-Tide,Environmental Conditions & Plankton Dynamics in Narragansett Bay During An Annual Cycle Characterized By Brown-Tide,University of Rhode Island,,Monitoring,Complete,1985,1988,0,"Water samples were collected from three depths at seven stations along a transect extend ing from the Providence River to Fox Island during 34 transects from 25 July 1985 - 18 June 1986. The following variables were measured: temperature, salinity, secchi Disc depth, NH4, N03, Si02, P04, chlorophyll, ATP, phytoplankton numerical abundance and species composition, primary production, zooplankton numerical abundance, biomass and species composition, ctenophore abundance and benthic larvae abundance. 
The occurrence of a brown-tide outbreak of Aureococcus anophagefferens beginning in May 1985 triggered the present study. This nuisance algal bloom persisted th rough September, 1985, with up to 1.5 billion cells L-1 recorded. This species was not previously recorded from Narragansett Bay, and was described as a new genus and species by Sieburth and co-workers. ",No,,https://nbep.org/s/NBEP-88-13.pdf,41.55695,-71.41752
"Status of the Hard Clam, Mercenaria, in the Providence River and Mount Hope Bay ","Status of the Hard Clam, Mercenaria, in the Providence River and Mount Hope Bay ",University of Rhode Island,,Research,Complete,1985,1988,0,"The major task of this study was a survey of hard clam distribution and population structure. Techniques of shell aging and possible measures of condition (tissue color and sheil shape) were examined to obtain information on present populations and to test the utility of these methods. For each task, historical information on the closed ponions of the Bay is reviewed to show long-terrn trends and to establish the rational for cenain tests.",No,,https://nbep.org/s/NBEP-88-08.pdf,41.64055,-71.30169
Mt. Hope Bay Sanitary Survey: Microbiological; 1986-1987,Mt. Hope Bay Sanitary Survey: Microbiological; 1986-1987,"FDA, Northeast Technical Services Unit",,Research,Complete,1986,1988,0,"A study of the Mt. Hope Bay estuary was conducted to determine whether the sanitary quality of waters in the bay has improved sufficiently to allow commercial harvesting of shellfish. Both sanitary surveys along the shorelines and microbiological analyses of samples were performed for this purpose. The results obtained for water samples showed that the southwestern portion of Mt. Hope Bay could be managed as a conditionally approved shellfish growing area, provided that several additional concerns could be addressed and resolved. Specific recommendations were made regarding the future management of the area. The study was a cooperative effort involving sample collection by the Wickford Fishermen's Alliance and survey and sample analyses by the Food and Drug Administration. ",No,,https://nbep.org/s/NBEP-88-11.pdf,41.65816,-71.23613
Circulation Dynamics in Mt. Hope Bay & the Lower Taunton River,Circulation Dynamics in Mt. Hope Bay & the Lower Taunton River,University of Rhode Island,,Research,Complete,1985,1988,0,"A field study was conducted in Mt. Hope Bay and the lower Taunton River to describe the circulation in response to tide, wind and density induced forcing. Five current meter deployments were made from December 1985 to January 1987 with a typical duration of 60 days. Measurements were made at surface and bottom locations at three stations: Mt. Hope Bridge, Brightman St. Bridge and at the entrance to the Sakonnet River. Time series measurements of currents, conductivity and temperature were made at each of the stations. Tida1. elevations were recorded at Mt. Hope Bridge, Steep Brook and Touisset.",No,,https://nbep.org/s/NBEP-88-12.pdf,41.66813,-71.21775
Microbial Indicator Levels in the Providence River and Upper Estuary,Microbial Indicator Levels in the Providence River and Upper Estuary,University of Rhode Island,,Monitoring,Complete,1985,1990,0,"Three, three-day sampling tours were calculated in the Providence River and upper bay of the Narragansett Bay Estuary during relatively dry weather. Surface water samples were collected during all three tours, and bottom water samples during the first two. The first tour was calculated during the winter and the last two during successive summers. In most instances, the samples were collected during a falling tide. During the first tour 20 stations were visited each day. Subsequently, the number of stations was increased to 24-26 in an attempt to better define the die-off characteristics of the microbial indicators. ",Yes,Point Location,https://nbep.org/s/NBEP-90-33.pdf,41.77337,-71.37661
"Characterizing Late Summer Water Quality in the Seekonk River, Providence River, and Upper Narragansett Bay (SQUIRT)","Characterizing Late Summer Water Quality in the Seekonk River, Providence River, and Upper Narragansett Bay (SQUIRT)",University of Rhode Island,,Monitoring,Complete,1989,1990,0,"The purpose of the SQUIRT Cruise was to gather data on oxygen concentration and metabolism in the Seekonk - Providence River in order to better understand the underlying causes of the chronic hypoxic and anoxic conditions observed in bottom water during the summer. The cruise occurred on September 7, 1989 when freshwater discharge into the estuary was low. The cruise was a joint effort involving the EPA Laboratory at Narragansett, the Marine Science Department of the  University of Connecticut and the Marine Ecosystems Research Laboratory of the University of Rhode Island. ",No,,https://nbep.org/s/NBEP-90-49.pdf,41.8142,-71.39562
Land Use Map of the Hunt-Potowomut River Watershed ,Land Use Map of the Hunt-Potowomut River Watershed ,"IEP, Inc.",,Research,Complete,1989,1991,0,"Over a two year period (1989-1990) IEP, Inc. developed an integrated dataset to support current and future Narragansett Bay Project water quality research projects. The dataset consisted of ten geographic information system (GIS) ARC/INFO coverages ready for installation on the University of Rhode Island (URI), Environmental Data Center's (EDC) system. IEP developed land use/land cover for 1985 and 1988, sub-basin boundaries and zoning. ",No,,https://nbep.org/s/NBEP-91-70.pdf,41.64017,-71.44586
"A Steady-State Model of Dissolved Oxygen & Nitrogen in the Providence River-Seekonk River Estuary, Rhode Island","A Steady-State Model of Dissolved Oxygen & Nitrogen in the Providence River-Seekonk River Estuary, Rhode Island",USEPA - Atlantic Coastal Environmental Sciences Division,,Research,Complete,1990,1992,0,"The primary objective of this study is to calibrate a water quality model for use in simulating dissolved oxygen concentrations in the Providence and Seekonk Rivers, an estuarine system which forms a major pathway for fresh water and contaminants into Narragansett Bay, Rhode Island. The calibrated model is intended to be used in determination of the effects on dissolved oxygen concentrations in the study area of changes in loading of biochemical oxygen demand and ammonia from point sources. The model is used here to investigate the relative importance of factors that contribute to periodic summer episodes of low dissolved oxygen concentrations in this estuary.",Yes,Point Location,https://nbep.org/s/NBEP-92-102.pdf,41.82073,-71.38653
Current Report: Blackstone River 1990,Current Report: Blackstone River 1990,University of Rhode Island,,Research,Complete,1990,1992,0,"This report is a technical review of available information on water quality issues in the Blackstone River watershed. The final report has been written in the form of a technical ""position paper"" for the Narragansett Bay Project (NBP). The original purpose of the Blackstone River paper was to identity water pollution control and abatement measures that should be undertaken in order to protect or restore instream and downstream uses of the Blackstone River.",No,,https://nbep.org/s/NBEP-92-85.pdf,42.21488,-71.78473
Problem Assessment and Source Identification & Ranking of Wet Weather Discharges Entering the Providence & Seekonk Rivers,Problem Assessment and Source Identification & Ranking of Wet Weather Discharges Entering the Providence & Seekonk Rivers,University of Rhode Island,,Research,Complete,1990,1992,0," This study, for the first time, ranks the major sources of pollution to the Providence River as a function of mass loadings under wet weather conditions. In addition to the pollutant source characterization, the impact of these discharges on the Providence River was determined through a comprehensive field program which monitored the system before, during and after the wet weather events. The program was developed after considerable review to assure the data provides the basis for modeling the fate and transport of the pollutants in the receiving water. Subsequent to this project, it is anticipated that these data will be used to calibrate a model under wet weather conditions. ",No,,https://nbep.org/s/NBEP-92-86-EXECUTIVE-SUMMARY.pdf,41.75947,-71.36634
A Preliminary Assessment of Environmental Quality in Greenwich Bay,A Preliminary Assessment of Environmental Quality in Greenwich Bay,University of Rhode Island,,Research,Complete,1990,1992,0,"There are few studies available which specifically ad­dress the issue of water quality in Greenwich Bay, however data for Narragansett Bay as a whole suggest that Greenwich Bay waters form a consistent part of a gradient of improving water quality with distance down-bay from The Providence River. Levels of nutrients, metals, and hydrocarbons in water, sediments and shellfish all decline with distance from Providence. Data from Greenwich Bay provide few exceptions to this trend.",No,,https://nbep.org/s/NBEP-92-96.pdf,41.67998,-71.40049
Providence & Seekonk Rivers and Upper Narragansett Bay Eutrophication Screening Analysis,Providence & Seekonk Rivers and Upper Narragansett Bay Eutrophication Screening Analysis,"LTI Limno-Tech, Inc. ",,Research,Complete,1992,1992,0,"The Narragansett Bay Project is assisting the Rhode Island Department of Environmental Management in developing waste load allocation models for dissolved oxygen, bacteria, and metals in the Providence River and Upper Narragansett Bay. The objective of this study is to perform mathematical modeling to evaluate the relationship between nutrient loadings to the River and Upper Bay and the resulting level of algal production. The result of this effort will provide a first indication of the feasibility of protecting oxygen levels via nutrient reduction. ",No,,https://nbep.org/s/NBEP-92-109.pdf,41.72676,-71.35079
Blackstone River Fisheries Restoration Plan,Blackstone River Fisheries Restoration Plan,RI Department of Environmental Management,,Planning,Complete,2001,2002,0,"The purpose of this Restoration Plan is to identify specific steps necessary to restore anadromous fish to the Blackstone River, and to provide a foundation for design, funding and construction of the project. The Plan focuses specifically on restoration of anadromous fish to the Blackstone River in Rhode Island, but provides goals and objectives for the watershed as a whole, including those  portions in Massachusetts. The Plan focuses on providing fish passage in the lower four miles of the river as Phase I of the restorationr with the expressed intent of providing access to suitable habitat in the Lonsdale area, upstream of the Valley Falls dam. ",No,,https://nbep.org/s/NBEP-02-122.pdf,42.02449,-71.57813
"Report on the Analysis of True Color Aerial Photographs to Map Submerged Aquatic Vegetation, Coastal Wetlands, Deepwater Habitats and Coastal Features in Southern Rhode Island and Southeastern Connecticut","Report on the Analysis of True Color Aerial Photographs to Map Submerged Aquatic Vegetation, Coastal Wetlands, Deepwater Habitats and Coastal Features in Southern Rhode Island and Southeastern Connecticut",UMASS - Amherst,,Research,Complete,1999,2003,0,"The University of Massachusetts, Natural Resources Assessment Group (NRAG) contracted in 1999 with Rhode Island Department of Environmental Management  (RIDEM), and with the Narragansett Bay Estuary Program (NBEP) to provide original air photo interpretation of the submerged aquatic vegetation (SAV) primarily eelgrass (Zostera marina), coastal wetlands, shoreline, and selected coastal features in southern Rhode Island, including Block Island, and southeastern Connecticut. The project was undertaken in cooperation with the U.S. Fish & Wildlife Service, Northeast Region (FWS). Under cooperation, work included inventory of freshwater wetlands on the quadrangle covered for the coastal zone. ",No,,https://nbep.org/s/NBEP-03-124.pdf,41.33121,-71.87602
Coastal Wetlands Trends in Narragansett Bay Estuary During the 20th Century,Coastal Wetlands Trends in Narragansett Bay Estuary During the 20th Century,"U.S. Fish and Wildlife Service, Northeast Region",,Research,Complete,1999,2004,0,"The FWS works in partnership with UMass (Department of Plant and Soil Sciences, Natural Resources Assessment Group - NRAG) to conduct wetland mapping, trend analysis, and other studies requiring interpretation of aerial photography. NBEP also has an agreement with the URI to perform the geographic information system (GIS) services. The NBEP will use the results of this work to help develop a coastal wetland conservation and restoration strategy for the Narragansett Bay Estuary. This report presents the results of this multi-agency cooperative project. It summarizes data for the entire estuary and for several pilot study areas where trends were analyzed back to the 1930s. ",No,,https://nbep.org/s/NBEP-04-125.pdf,41.62595,-71.3697
Nitrogen Loading From Wastewater Treatment Plant,Nitrogen Loading From Wastewater Treatment Plant,Brown University,,Monitoring,Complete,2007,2007,0,"Increasing awareness of low-oxygen conditions in Narragansett Bay, as well as other symptoms of eutrophication such as macroalgae accumulation, eelgrass failure, and fish kills, has led to management actions to reduce nitrogen loads to the upper Bay (Kerr, 1999; RIDEM, 2005a). In order to assess effectiveness of these measures and to provide information to guide further actions, mechanisms are needed to estimate loads and evaluate responses of the Bay ecosystem. This paper describes analyses of nitrogen loads, particularly focused on wastewater treatment facility (WWTF) loads. ",Yes,Point Location,https://nbep.org/s/NBEP-07-126.pdf,42.2626,-71.8023
Physical Property and Chemical Characteristics of Surface Sediment Grab Samples from Narragansett Bay and the Providence and Seekonk Rivers,Physical Property and Chemical Characteristics of Surface Sediment Grab Samples from Narragansett Bay and the Providence and Seekonk Rivers,Brown University,,Monitoring,Complete,2003,2007,0,"This document contains data tables, maps, plots, and documentation on Brown University’s Narragansett Bay Sediment Project compiled by David W. Murray, Brown University, for the New England Interstate Water Pollution Control Commission with support from the U.S. Environmental Protection Agency. The data were compiled and analyzed as part of a New England pilot project exploring the development of a biological condition gradient applicable to estuarine systems.",No,,https://nbep.org/s/NBEP-07-127.pdf,41.83657,-71.3742
Ribbed Mussel Nutrient BioExtraction Pilot Project,Ribbed Mussel Nutrient BioExtraction Pilot Project,Save The Bay,,Education,Complete,2014,2016,48179,"Save The Bay completed a Ribbed Mussel Nutrient Bioextraction Pilot Project to study how ribbed mussels remove nutrient pollution in upper Narragansett Bay. Using three different techniques for growing ribbed mussels, Save The Bay analyzed the mussels’ efficiency in removing nutrients. Through analysis of water samples, the project measured the rates of nutrient bioextraction.",Yes,Point Location,https://nbep.org/s/NBEP-14-131.pdf,41.787,-71.383
"Reanalysis of the Narragansett Bay Spatial Survey (Day Trippers) Water Column Data for Temperature, Salinity, Density, and Dissolved Oxygen (2005-2013)","Reanalysis of the Narragansett Bay Spatial Survey (Day Trippers) Water Column Data for Temperature, Salinity, Density, and Dissolved Oxygen (2005-2013)",Brown University,,Monitoring,Complete,2015,2015,0,"In 1999, Dr. Christopher Deacutis of Narragansett Bay Estuary Program (NBEP) organized a survey team to measure the night-time dissolved oxygen throughout the upper Bay and Providence River. This volunteer team, later dubbed ""The Insomniacs"", was made up of eight to ten boat groups from various organizations in the Rhode Island and Massachusetts that sampled about 80 stations in upper Narragansett Bay, the Providence River, Greenwich Bay, and Mt. Hope Bay. Thirteen surveys were conducted during the summers from 1999 to 2003 (Prell, et al., 2004). After a year hiatus in 2004, the spatial DO surveys were reorganized using new Sea-Bird SBE 19 Plus SEACAT profilers. These fast response sensors (4 measurements per second) enabled three boats to sample about 75 stations covering the Providence River, Greenwich Bay, and the East and West Passages of Narragansett Bay. Because DO exhibits little diurnal variability below the pycnocline, we conduct our surveys in the morning hours and call the new effort (2005-2013) the Day Trippers.",No,,https://nbep.org/s/NBEP-15-128.pdf,41.775,-71.379
Increase Public Access of the Shoreline (IPAS),Increase Public Access of the Shoreline (IPAS),Clean Ocean Access,,Education,Complete,2015,2016,4030,"Clean Ocean Access focused on increasing public access to the shoreline of Aquidneck Island. Their project promoted, preserved, and ensured recreational uses along the coastline, such as for fishing, boating, swimming, surfing, and walking. They worked in Newport, Middletown, and Portsmouth to protect and monitor the rights-of-way and provided proper signage for the access points. Clean Ocean Access used volunteers to provide monitoring twice a month to connect people to and promote stewardship of our shoreline resources.",No,,https://nbep.org/s/NBEP-16-165.pdf,41.546,-71.291
Championing the Public’s Right to Access the Shore,Championing the Public’s Right to Access the Shore,Save The Bay,,Education,Complete,2015,2016,10000,Save The Bay partnered with Rhode Island’s Coastal Resources Management Council to have volunteers and interns conduct site visits to the 221 State-designated shoreline rights-of-way. The project documented the sites and current conditions to examine whether public access needs to be restored or improved. This helped identify sites for the State’s Adopt-An-Access program.,Yes,Point Location,https://nbep.org/s/NBEP-16-129.pdf,41.376,-71.48
Woonasquatucket Watershed Restoration Education,Woonasquatucket Watershed Restoration Education,Woonasquatucket River Watershed Council,,Education,Complete,2015,2016,10000,"The Woonasquatucket River Watershed Council completed a public school curriculum for 4th graders, “Fish in the Classroom”, with a focus on stormwater discharges to restore the urban sections of the Woonasquatucket River and Narragansett Bay. This education project also included public art with North Providence High School designing storm drain paintings and murals and youth leadership development for high school students in science education at the Met School in Providence.",Yes,Point Location,https://nbep.org/s/NBEP-16-250.pdf,41.806,-71.413
Nutrient Reduction through Innovative Land Use Techniques,Nutrient Reduction through Innovative Land Use Techniques,Mass Audubon,,Education,Complete,2014,2016,49000,"Mass Audubon developed the Shaping the Future of Your Community Outreach & Assistance Program to provide smart growth workshops and technical assistance to address the fastest growing municipalities in the Blackstone River watershed in Massachusetts. Five communities were selected (Auburn, Grafton Mendon, Millbury, and Worcester) to receive technical assistance for local Low Impact Development (LID) and land use planning projects to improve water quality and stormwater management. ",No,,https://nbep.org/s/NBEP-14-224.pdf,42.194,-71.76
Hopedale Pond Green Infrastructure Design,Hopedale Pond Green Infrastructure Design,"Town of Hopedale, MA",,Planning,Complete,2015,2016,9720,"The Town of Hopedale is working to solve water quality issues in Hopedale Pond that have closed Hopedale Beach for swimming the past several years. The Town of Hopedale’s Park Commission is designing solutions to remedy pollution coming from stormwater outfalls into the Pond. The Parks Commission plans to use using green infrastructure retrofits, pet waste management, and waterfowl management. This project included the conceptual design of a grassed bioretention basin system in Hopedale Town Park.",No,,https://nbep.org/s/NBEP-18-216.pdf,42.136,-71.547
Source Water Phosphorus Reduction Feasibility Plan,Source Water Phosphorus Reduction Feasibility Plan,"City of Newport, RI",,Planning,Complete,2014,2016,111585,"The City of Newport completed a feasibility study to find ways to control nutrient loadings to two drinking water sources, St. Mary’s Pond and Watson Reservoir. The goal of the Source Water Phosphorus Reduction Feasibility Plan is to restore degraded water quality, protect watershed health, assess pollutant sources, and help to identify and prioritize management efforts. Newport worked with Middletown and Portsmouth to better understand the problems at the sources and coordinate control efforts. The outcome of this project is a phosphorus reduction plan to improve water quality in the two impaired drinking water sources.",No,,https://nbep.org/s/NBEP-14-130.pdf,41.555,-71.271
"Academy Cove, Wickford Harbor Water Quality Project","Academy Cove, Wickford Harbor Water Quality Project","Town of North Kingstown, RI",,Restoration,Complete,2015,2016,8294,"The Town of North Kingstown built a rain garden at the North Kingstown Free Library to treat stormwater before it enters Academy Cove, and ultimately Wickford Harbor. The Harbor is impaired by a lack of dissolved oxygen that threatens aquatic life. The project includes the rain garden, a pervious path, educational signage, and brochures. The project was accomplished using volunteers and staff from the Town of North Kingstown.",No,,https://nbep.org/s/NBEP-16-249.pdf,41.57,-71.456
Bay Friendly Living: A Public Awareness Campaign for Aquidneck Island,Bay Friendly Living: A Public Awareness Campaign for Aquidneck Island,Save The Bay,,Education,Complete,2015,2017,10000,"Save The Bay completed a public education and awareness campaign focusing on the water quality and water supplies for the 67,000 residents of Aquidneck Island. Save The Bay’s communications staff developed content for Bay Friendly Living, a publication for residents and businesses on Aquidneck Island.",No,,https://www.savebay.org/wp-content/uploads/Bay-Friendly-Living.pdf,41.483,-71.307
Optimizing Performance of Existing Onsite Wastewater Treatment,Optimizing Performance of Existing Onsite Wastewater Treatment,University of Rhode Island,,Education,Complete,2014,2017,238097,"The University of Rhode Island’s Laboratory of Soil Ecology and Microbiology conducted research on Optimizing Performance of Existing Onsite Wastewater Treatment Systems. URI’s project optimized the performance of existing onsite wastewater treatment systems within the greater Narragansett Bay watershed to reduce nitrogen inputs. To achieve this goal, URI collected data on effluent nitrogen levels and developed a statistical model to help service providers optimize nitrogen removal.",No,,https://nbep.org/s/NBEP-16-178.pdf,41.383,-71.642
Brickyard Pond Phosphorus Reduction Analysis Using Green Infrastructure and Source Management,Brickyard Pond Phosphorus Reduction Analysis Using Green Infrastructure and Source Management,"Town of Barrington, RI",,Monitoring,Complete,2016,2017,19260,"The Town of Barrington collected water quality and sediment data and designed green infrastructure projects in and around Brickyard Pond to address water quality impairments. Connected to Narragansett Bay through Mussachuck Creek, Brickyard Pond hosts an annual run of anadromous river herring. The Town completed a conceptual design study for green infrastructure/stormwater best management practices for five Town-owned priority outfalls.  The Town’s goal is to significantly reduce phosphorus loadings to support a healthy ecology in Brickyard Pond. ",No,,https://nbep.org/s/NBEP-16-196.pdf,41.733,-71.32
Stormwater Outfall Assessment for the East and West Monponsett Ponds,Stormwater Outfall Assessment for the East and West Monponsett Ponds,"Town of Halifax, MA",SNEP,Monitoring,Complete,2016,2017,57338,"The Town of Halifax identified, mapped, and prioritized the stormwater outfalls and other sources discharging to the East and West Monponsett Ponds (in the Taunton River watershed). The ponds are relatively shallow and provide drinking water, fisheries, flood control, and recreation.  Significant levels of pollutants have resulted in algal blooms which have closed beaches and caused fish kills.  The Board of Health’s project included field verification and mapping of outfalls, prioritization and conceptual design for sites, and permit level design and cost estimates for the three highest priority sites. The partners on this project include the Monponsett Watershed Association and the Massachusetts Division of Ecologic Restoration. ",No,,https://figshare.com/articles/book/NBEP-16-190_Stormwater_Outfall_Assessment_for_the_East_and_West_Monponsett_Ponds/16709488,42.006,-70.843
Spatial and temporal variability in macroalgal blooms in a eutrophied coastal estuary (maps),Spatial and temporal variability in macroalgal blooms in a eutrophied coastal estuary (maps),University of Rhode Island,,Monitoring,Complete,2012,2017,0,"Macroalgal blooms occur worldwide and have negative consequences for coastal habitats and economies. Narragansett Bay (NB), Rhode Island, USA, is a medium sized estuary that is heavily influenced by anthropogenic activities and has been plagued by macroalgal blooms for over a century. The goal of this study was to improve the understanding of multi-year macroalgal bloom dynamics through intensive aerial and ground surveys conducted monthly to bi-monthly during low tides in May–October 2006–2013 in NB. Aerial surveys provided a rapid characterization of macroalgal densities across a large area, while ground surveys provided high resolution measurements of macroalgal identity, percent cover, and biomass.",No,,https://nbep.org/s/NBEP-17-179.pdf,41.637,-71.396
Implementation Plans for Town Center Wastewater Improvements,Implementation Plans for Town Center Wastewater Improvements,"Town of East Bridgewater, MA - Board of Health",,Planning,Complete,2016,2017,30000,"The Town of East Bridgewater examined creative solutions to provide limited sewer extensions to serve the densely developed town center. East Bridgewater High School’s existing wastewater treatment facility has the opportunity to serve additional downtown properties. This project would reduce nitrogen and phosphorus contributions to nearby surface waters, including Meadow Brook, Salisbury Plain River, and Matfield River. The Board of Health will review the capacity of the High School Treatment Facility, assess the flows from other town buildings, project available system capacity for serving town center properties, and develop a Capital Improvements Plan for limited sewer service areas.",No,,https://nbep.org/s/NBEP-16-197.pdf,42.028,-70.956
Feasibility Study for Blackamore Pond & Cranberry Pond Anadromous Fish Passages,Feasibility Study for Blackamore Pond & Cranberry Pond Anadromous Fish Passages,Pawtuxet River Authority,,Restoration,Complete,2015,2017,10000,"The Pawtuxet River Authority was awarded funding for two projects. The first was a fish passage project to encourage spawning in Cranberry Pond in Warwick and Blackamore Pond in Cranston. The project was designed to build upon the Pawtuxet Falls dam removal , completed in 2011, and assess whether additional fish passage can be created in these ponds. The Pawtuxet River Authority examined fish habitat and stream flow conditions at each pond and assessed the feasibility of removing barriers and restoring fish passage. The second grant allowed for the purchase of a utility trailer to transport equipment for river clean-ups and debris removals at recreation sites along the Pawtuxet River.",Yes,Point Location,https://nbep.org/s/NBEP-17-184.pdf,41.774,-71.447
Moswansicut Reservoir Phosphorus Project,Moswansicut Reservoir Phosphorus Project,Northern RI Conservation District,,Education,Complete,2014,2016,40008,"The Northern Rhode Island Conservation District  is leading the Moswansicut Reservoir Phosphorus Project to educate the public of the importance of protecting the Moswansicut Reservoir – a small tributary reservoir of the Scituate Reservoir, Rhode Island’s largest supply of drinking water. The reservoir, once a natural lake, is at risk of eutrophication and increased incidence of harmful algal blooms due to phosphorus loading from its watershed. The District is implementing targeted outreach programs, creating a volunteer water quality monitoring program, and creating an in-water nutrient activation treatment plan for the reservoir. The partners in this project include The University of Rhode Island Watershed Watch as well as Providence Water.",No,,https://figshare.com/articles/book/NBEP-14-225_Moswansicut_Reservoir_Phosphorus_Outreach_and_Monitoring_Project/16732849,41.844,-71.577
Stormwater Pathogens--Find it and Fix it,Stormwater Pathogens--Find it and Fix it,Clean Ocean Access,,Monitoring,Complete,2016,2018,45900,"Clean Ocean Access is identifying sources of bacteria and pathogens impacting Easton’s Beach through their project, Stormwater pathogens – Find it and Fix it.  The goal is to track down the sources of bacteria that close the beach to swimming and develop solutions to fix these recurring problems. The project will include water quality testing and sediment sampling at key locations during dry-weather (low flow of stormwater) and wet-weather (high flow of stormwater) events. This project includes a partnership with the City of Newport, the Town of Middletown, and the Rhode Island Department of Health.",No,,https://nbep.org/s/NBEP-16-222.pdf,41.489,-71.314
"TMDL Implementation Plan, Town of Westerly, Rhode Island","TMDL Implementation Plan, Town of Westerly, Rhode Island","Town of Westerly, RI",SNEP,Planning,Complete,2016,2018,57884,"The Town of Westerly is identifying, prioritizing, and implementing water quality improvements in Little Narragansett Bay and the lower portion of the Pawcatuck River.  Presently, these waters have high nutrient loads, elevated bacteria levels, lower water clarity, and low dissolved oxygen concentrations. This grant will support the Town’s work with Save The Bay to identify pollutant sources and develop an implementation plan to address the Phase 1 study area, which includes downtown Westerly. This plan will include recommendations for both structural and non-structural water quality improvements and an interactive map showing the results.",No,,https://nbep.org/s/NBEP-16-221.pdf,41.377,-71.828
Stormwater BMP Planning and Implementation for Narragansett Boulevard and Stillhouse Cove,Stormwater BMP Planning and Implementation for Narragansett Boulevard and Stillhouse Cove,"City of Cranston, RI",,Planning,Complete,2016,2018,99100,"The City of Cranston is building stormwater infiltration projects in the Stillhouse Cove portion of the Providence River.  Stillhouse Cove experiences severe algal blooms during the summer due to excess nutrients.  The project will also include planning assistance, public outreach, and education through Cranston’s partners: Save The Bay and the Edgewood Waterfront Preservation Association. ",No,,https://nbep.org/s/NBEP-16-204.pdf,41.769,-71.389
City of Pawtucket Stormwater Mapping and Green Infrastructure Design for Pathogen and Nutrient Impaired Waters,City of Pawtucket Stormwater Mapping and Green Infrastructure Design for Pathogen and Nutrient Impaired Waters,"City of Pawtucket, RI",,Planning,Complete,2016,2018,83510,"The City of Pawtucket focused on stormwater mapping and green infrastructure design to prioritize projects for the City’s 45 stormwater outfalls. The City characterized the outfall drainage areas (soils groups, impervious cover, topography) and then selected the 10 most important drainage areas.  The priority sites underwent intensive field assessment of catch basins, manholes, and interconnected drain lines.  The City prepared conceptual designs for future stormwater improvement projects.",Yes,Point Location,https://nbep.org/s/NBEP-17-226.pdf,41.879,-71.383
Sabin Point Park Stormwater Improvement Project,Sabin Point Park Stormwater Improvement Project,"City of East Providence, RI",,Planning,Complete,2016,2018,100000,"The City of East Providence is building a stormwater mitigation project at Sabin Point Park on the Providence River to help address elevated bacterial levels. Sabin Point Park is a popular urban park yet swimming has not been allowed in decades. The City received funding through the Rhode Island Department of Environmental Management to complete the design for the stormwater project.  The City will partner with Brown University and the Rhode Island Department of Health staff to monitor nutrient and bacteria levels to assess the effectiveness of the project.  In addition, Save The Bay will provide outreach to the surrounding communities regarding controls to stormwater runoff.",No,,https://nbep.org/s/NBEP-21-248.pdf,41.765,-71.369
Identification and Assessment of Causes of Impairment in Trout Brook,Identification and Assessment of Causes of Impairment in Trout Brook,"Town of Avon, MA",,Research,Complete,2016,2018,24000,"The Town of Avon is examining stormwater pollution to an important local waterway, Trout Brook.  The Town of Avon relies on multiple groundwater sources and the Town’s wells rely exclusively on the recharge of stormwater as the source of fresh water. They will assess potential contributions to the impairments in the Trout Brook watershed, including examining stormwater outfalls that discharge directly into Trout Brook.  The analysis will include land-use surveys within the five largest catchment areas and water quality sampling to assess discharges to Trout Brook.  The project will also include preliminary design of stormwater projects for nutrient and pathogen removal. ",Yes,Point Location,https://figshare.com/articles/book/NBEP-16-215_-_IDENTIFICATION_AND_ASSESSMENT_OF_CAUSES_OF_IMPAIRMENT_TROUT_BROOK_MA62-07_2008_5_/16709296,42.115,-71.025
Jamestown Sheffield Cove Innovative Stormwater and Pathogen Controls,Jamestown Sheffield Cove Innovative Stormwater and Pathogen Controls,"Town of Jamestown, RI",,Restoration,Complete,2016,2019,118200,The Town of Jamestown is building an innovative stormwater system to protect Sheffield Cove to help restore local shellfish beds.  Shellfishing in the Cove was closed in 2009 due to excessive bacterial contamination.  The project with be a combination of bioretention and sand filtration to treat pathogens from stormwater and dry-weather background flows. Jamestown will also conduct sampling using microbial source tracking (DNA fingerprinting) to differentiate specific impacts from various source types such as wildlife and domestic animals. ,No,,https://nbep.org/s/NBEP-16-218.pdf,41.491,-71.383
"Stormwater Management - Suburban Parkway, Warwick, RI","Stormwater Management - Suburban Parkway, Warwick, RI","City of Warwick, RI",,Restoration,Complete,2016,2018,180000,"The City of Warwick will install a series of bioretention basins and vegetated swales within the medians of Suburban Parkway to help improve water quality in the vicinity of Oakland Beach and City Park Beach. The total project will be approximately 2,000 feet long, on City owned property, and it will help reduce the amount of contaminants entering Greenwich Bay. The City hired a design group to design the project using Community Development Block Grant funding. ",No,,https://nbep.org/s/NBEP-15-223.pdf,41.687,-71.397
High Resolution Salt Marsh Mapping Using Unmanned Aerial Systems (UAS) in Rhode Island,High Resolution Salt Marsh Mapping Using Unmanned Aerial Systems (UAS) in Rhode Island,University of Rhode Island,,Research,Complete,2017,2019,35000,"Dr. Pete August, at the University of Rhode Island Natural Resources Sciences Department  conducted a High Resolution Salt Marsh Mapping Using Un-manned Aerial Systems. This project collected high resolution (~10 cm pixel size) imagery using small unmanned aerial systems (UAS) which is valuable, yet cost-effective. This means more opportunity for monitoring changes in extent and composition of salt marsh habitats over time. These images were used for interpretation of salt marsh vegetation. These data directly address the gaps identified in the State of Narragansett Bay Technical Report.",Yes,Point Location,https://nbep.org/s/NBEP-19-219.pdf,41.615,-71.326
Sediment Profile Imagery Survey,Sediment Profile Imagery Survey,University of Rhode Island,,Research,Complete,2017,2019,33601,"Dr. John King, at the University of Rhode Island Graduate School of Oceanography conducted a Sediment Profile Imagery Survey to Evaluate Benthic Habitat Quality in Narragansett Bay. This project will monitor change benthic habitat quality by rerunning a Bay-wide Sediment Profile Imagery (SPI) survey that was previously run in 1988 and 2008, and will add several new stations. Shumchenia et al (2016) showed improvements in the benthic habitat quality of the Bay between these surveys. However, these surveys need to be run more frequently, and this new survey will be able to fill in more data gaps.",No,,https://nbep.org/s/NBEP-19-220.pdf,41.695,-71.33
Research Needs for Marine Beaches,Research Needs for Marine Beaches,Clean Ocean Access,,Research,Complete,2017,2019,16000,"This research project was developed in response to needs identified in the 2017 State of Narragansett Bay and its Watershed Technical Report to improve our understanding of current marine beach water quality status and trends within the Narragansett Bay watershed. This technical report described conditions of beaches in terms of annual closures, and site-specific advisories dictated by pathogen risks. It recognized that there was a wealth of Fecal Indicator Bacteria data which could be expected to provide more resolution with respect to status and trends than closure data alone could provide.",No,,https://nbep.org/s/NBEP-19-227.pdf,41.489,-71.29
"Further Analysis and Synthesis of Bay Oxygen, Chlorophyll and Temperature","Further Analysis and Synthesis of Bay Oxygen, Chlorophyll and Temperature",Daniel L. Codiga,,Research,Complete,2017,2020,31000,"Time series for the load of total nitrogen (TN) to Narragansett Bay, from 18 wastewater treatment facility (WWTF) and land-based runoff sources bay-wide, have been estimated at daily resolution for 2001-2017. The motivation here for daily resolution is to enable including nitrogen load as a candidate influence (with others such as river flow, temperature, tidal conditions, etc; e.g., Codiga et al 2009) in statistical analyses investigating drivers of hypoxic events at the short timescales of days to weeks on which events are known to vary.",No,,https://figshare.com/articles/Further_Analysis_and_Synthesis_of_Narragansett_Bay_RI_MA_USA_Oxygen_Chlorophyll_and_Temperature/12547676,41.57,-71.409
Wet Vegetated Treatment System Project,Wet Vegetated Treatment System Project,Aquidneck Island Planning Commission,SNEP,Restoration,Complete,2019,2021,100000,This construction project upgraded three existing storm water detention basins on Aquidneck Island to Wet Vegetated Treatment Systems (WVTS).,No,,https://nbep.org/s/NBEP-22-252.pdf,41.55538419,-71.26489564
Beaver River Watershed Assessment,Beaver River Watershed Assessment,"Town of Richmond, RI",SNEP,Planning,Complete,2019,2021,30000,"The Town of Richmond received grant funding from the New England Interstate Water
Pollution Control Commission and the Southeast New England Watershed Program to perform
an assessment focused on the Beaver River Watershed. This is a planning-level spatial analysis
project that relies solely on previously collected data. The goal of this assessment is to identify
important natural resources and habitats and prioritize sites and projects that will enhance,
restore and/or protect the Beaver River.",No,,https://nbep.org/s/NBEP-21-241.pdf,41.503998,-71.639615
Restoration of Anadromous Fish Passage at the Pontiac Mill Dam,Restoration of Anadromous Fish Passage at the Pontiac Mill Dam,Pawtuxet River Authority,SNEP,Planning,Complete,2019,2020,22500,"The Pontiac Dam, located approximately 400 feet downstream of the Greenwich Avenue bridge in the City of Warwick, obstructs anadromous fish passage. Since dam removal may not be part of the future plans for at least one of the dam’s owners, this study focuses on two potential alternatives to facilitate passage while still maintaining the dam and reducing upstream flood levels.",Yes,Point Location,https://nbep.org/s/NBEP-21-238A.pdf,41.725427,-71.472785
Broad Meadow Brook Restoration,Broad Meadow Brook Restoration,Mass Audubon,SNEP,Planning,Complete,2019,2021,28760,"Mass Audubon hired ESS Group, Inc. to prepare a project QAPP, compile existing data, conduct supplemental data collection, and prepare a conceptual project roadmap report for the Broad Meadow Brook Restoration Project, an ambitious ecological restoration project proposed by Mass Audubon and the City of Worcester. The project’s goal is to achieve a self-sustaining, dynamic native riparian and wetland ecosystem within a highly-altered, degraded wetland complex.",No,,https://nbep.org/s/NBEP-21-251.pdf,42.23301427,-71.76458218
Mill Brook Bogs Restoration Project,Mill Brook Bogs Restoration Project,MA Department of Fish and Game - Division of Ecological Restoration,SNEP,Planning,Complete,2019,2021,30000,"This project resulted in the development of a geotechnical investigation with the purpose of evaluating
feasibility of pedestrian bridges and/or boardwalks at different locations across the site as defined by the
engineering design. Proposed locations for structures will provide walking public access to the site across
the Mill Brook Bogs, and one-vehicle access operated by the Wildlife Management Area (for low-
maintenance and emergency) while maintaining optimal hydrological connectivity for wetland
restoration, as well as Mill Brook’s stream continuity.",No,,https://nbep.org/s/NBEP-21-240A.pdf,41.7967888,-71.02881018
Stormwater Management Plan for Mt. Hope High School,Stormwater Management Plan for Mt. Hope High School,"Town of Bristol, RI",SNEP,Planning,Complete,2019,2020,25000,"Pare Corporation prepared a Stormwater Management Master Plan for the Mt. Hope High School campus for the Town of Bristol  to identify potential projects that would promote water quality, increase removal of nitrogen and bacteria from stormwater runoff, provide flood storage,
improve resiliency, reduce downstream flooding, and restore wildlife habitat.",Yes,Point Location,https://nbep.org/s/NBEP-20-237.pdf,41.6875602,-71.26899747
Enhancing the Resiliency of Marshes in the Salt Ponds Region,Enhancing the Resiliency of Marshes in the Salt Ponds Region,Save The Bay,SNEP,Restoration,Complete,2019,2021,25000,"Funding through this grant supported Save the Bay's work implementing permitted, multi-phase salt marsh adaptation projects at three salt marshes in Narragansett Bay and the salt pond region. Sites included: Ninigret marsh owned by DEM in Charlestown and two marshes on Winnapaug Pond, one on the back barrier owned by DEM and the other on the northern side owned by the Westerly Land Trust and Audubon Society of RI.",No,,https://nbep.org/s/NBEP-21-247.pdf,41.330135,-71.806415
"Mill Cove Causeway Channel, Bank, & Footbridge Project","Mill Cove Causeway Channel, Bank, & Footbridge Project",Land Conservancy of North Kingstown,SNEP,Restoration,Complete,2019,2020,5000,"The Mill Cove Causeway channel was restored and a small footbridge was built, thus reconnecting existing trails on either side of the salt marsh. ",No,,https://nbep.org/s/NBEP-20-232.pdf,41.580096,-71.452234
Armory Village Green Infrastructure Project,Armory Village Green Infrastructure Project,"Town of Millbury, MA",SNEP,Implementation,Complete,2019,2020,75000,"This project called for the installation of a variety of green infrastructure features including trees, a flow-through planter, bioretention systems and rain gardens, a Stormtech Subsurface Stormwater Management System, porous pavers, and native plantings in the heart of Millbury Center. ",No,,https://nbep.org/s/NBEP-21-239.pdf,42.192991,-71.761883
Pilot Study Collecting New Data to Assess a Changing Narragansett Bay,Pilot Study Collecting New Data to Assess a Changing Narragansett Bay,Boston University,NEP,Research,Ongoing,2021,2024,110954,"This project will create a centralized database focused on drift macroalgae (seaweeds) in Narragansett
Bay. This database will contain information on drift species, location, and biomass. Finally, concentrations of carbon and nutrients in drift macroalgae will be included.
This project will increase our understanding of changing Narragansett Bay for the long-term management
and sustainability of this ecosystem.",No,,,0,0
Planning and Capacity Building for Groundwork Southcoast's Fall River Resilience District,Planning and Capacity Building for Groundwork Southcoast's Fall River Resilience District (#2),"Groundwork Southcoast, Fall River, MA",BIL,Capacity-Building,Ongoing,2022,2023,85000,"Plan and launch a Resilience District in Fall River, MA. Resilience Districts are long-term efforts to invest in youth and community, to develop shovel-ready green infrastructure and habitat projects, and to maintain those transformed open spaces benefiting the community.",Yes,Point Location,,41.69095,-71.163277
Project Development in the Upper Taunton River Watershed,Economic Resilience and Sustainable Water Supply in the Old Colony Economic Development District,Old Colony Planning Council,BIL,Planning,Ongoing,2022,2023,75000,"The Old Colony region is experiencing a critical need for sustainable access to diversified, resilient water resources. Job creation is being stunted in municipalities like Avon where business and industrial parks have no or limited access to public water supply. Several municipalities are also facing uncertainty about their once perceived as abundant water supplies; for example, Plymouth is currently studying the threat saltwater intrusion caused by rising a sea-level may pose to their Sole Source Aquifer. Brockton, meanwhile, is considering additional supply side options as their primary source of water, Silver Lake, is deteriorating in quality, susceptible to drought, and overused to the point of impacting the ecological integrity of the local area.

OCPC is leading an inclusive planning process to develop a regional water plan for our region, which includes the thirteen communities of the Upper Taunton River Watershed plus four others to the east (Hanover, Duxbury, Kingston, and Plymouth). These four communities are connected to the Upper Taunton River Watershed through the manmade water supply system tied to Silver Lake.

This project will:
1. Develop a baseline understanding of water use in each municipality and across the region;
2. Review models, where they exist, and develop a new model, if necessary, to project future demand in each municipality and across the region;
3. Determine whether future demand can be met affordably and sustainably with current water supplies in the context of a changing climate;
4. Identify new supply-side options and analyze the economic, social, and environmental costs and benefits of developing those options;
5. Identify good water resources management practices needed, including water demand management measures, water reuse, etc.",Yes,Point Location,,42.08270055,-71.01737408
Resilient Taunton River Watershed Circuit Rider Initiative,Plympton/Halifax/North Carver/Middleboro Headwater Planning,Southeastern Regional Planning & Economic Development District,BIL,Capacity-Building,Ongoing,2022,2024,100000,"Technical assistance to the Winnetuxet and Whetstone Brook Watershed communities to follow up on recent Municipal Vulnerability Preparedness (MVP), Hazard Mitigation Plan (HMP), and Open Space and Recreation Plan (OSRP) activities. These activities include consideration of wetland restoration for retiring cranberry bogs, one of the likely focuses of this work. ",No,,,41.943864,-70.818458
Resilient Taunton River Watershed Circuit Rider Initiative,Berkley Stormwater Management Planning,Southeastern Regional Planning & Economic Development District,BIL,Capacity-Building,Ongoing,2022,2024,100000,"Technical assistance to follow up on SNEP grant activities and MVP planning in Berkley, MA. Proposed deliverables include development of an MVP Action Grant proposal to fund an assessment of infrastructure and land use impacts to the Wild & Scenic Taunton River and its tributaries.",No,,,41.84581276,-71.08267195
Resilient Taunton River Watershed Circuit Rider Initiative,Taunton Mill River Infrastructure Improvements,Southeastern Regional Planning & Economic Development District,BIL,Capacity-Building,Ongoing,2022,2024,100000,Work with MA DMF to secure funding and services to affect fish passage improvements on the Mill River based on the goals and objectives in the Mill River Restoration Plan. Proposed deliverables include development of a proposal for submittal to the Taunton River Stewardship Council grants program to complete fish passage restoration work on the Mill River in Taunton.,Yes,Point Location,,41.89994078,-71.08993534
Resilient Taunton River Watershed Circuit Rider Initiative,Swansea/Warren Marsh Restoration for Floodwater Resilience,Southeastern Regional Planning & Economic Development District,BIL,Capacity-Building,Ongoing,2022,2024,100000,Technical assistance and staff support to an inter-state team of partners to address climate change and sea level rise influenced flood inundation hazards along the lower Palmer River. Proposed deliverables include development of a conservation and restoration strategy for key marshland in MA and RI in the lower Palmer River watershed.,No,,,41.74941048,-71.27999392
Resilient Taunton River Watershed Circuit Rider Initiative,Dighton Land Conservation Prioritization,Southeastern Regional Planning & Economic Development District,BIL,Capacity-Building,Ongoing,2022,2024,100000,Work with the Dighton Open Space Committee on revisions to the OSRP to incorporate and prioritize resilient lands and green infrastructure in vulnerable areas that were documented in the MVP Planning process. Proposed deliverables include trainings for the Open Space Committee on cross-walking and integrating the OSRP and MVP plan content related to prioritizing land protected for its resilience value in conservation decision-making. ,No,,,41.84442791,-71.15865486
Resilient Taunton River Watershed Circuit Rider Initiative,Fall River/Somerset Trail and Infrastructure Projects,Southeastern Regional Planning & Economic Development District,BIL,Capacity-Building,Ongoing,2022,2024,100000,"Technical assistance to Groundwork Southcoast and the City of Fall River, as well as with the National Park Service, MassDOT, MA DFG, and the Coast Guard, on several proposed projects: nature-based stormwater treatments for the proposed Cook Pond multi-modal trail; installing nature-based stormwater features and green infrastructure measures in the Flint neighborhood; technical assistance to the Bioreserve Manager, as requested; and, assisting the City, the Town of Somerset, NPS, and DFG in the public planning process for the reuse of the remnant shoreline infrastructure of the Brightman Street Bridge (after removal) as access to the Taunton River and Upper Mount Hope Bay.",Yes,Point Location,,41.67697595,-71.17295514
Resilient Taunton River Watershed Circuit Rider Initiative,Mansfield/Norton/Easton Canoe River Project Development,Southeastern Regional Planning & Economic Development District,BIL,Capacity-Building,Ongoing,2022,2024,100000,Technical assistance to advance priority projects recently identified through the SNEP Network’s public planning process with the Canoe River Aquifer Advisory Committee.,No,,,41.9869566,-71.16689379
Resilient Taunton River Watershed Circuit Rider Initiative,Middleboro/Lakeville Nemasket River Restoration,Southeastern Regional Planning & Economic Development District,BIL,Capacity-Building,Ongoing,2022,2024,100000,Provide technical assistance to the local and regional partnership efforts worked on affecting a holistic ecological restoration of the Nemasket River.,No,,,41.87188308,-70.91481621
Resilient Taunton River Watershed Circuit Rider Initiative,Plainville/North Attleborough Project Development,Southeastern Regional Planning & Economic Development District,BIL,Capacity-Building,Ongoing,2022,2024,100000,"Technical assistance to address priority projects in the Ten Mile River Watershed, identified in MVP, HMP, brownfields investigations, and OSRPs. Assistance with the development of grants to conduct critical infrastructure assessments along rivers and streams to help address flow and flood abatement issues; and, assistance with the planning and public facilitation of intermunicipal multi-modal trails and access points as identified in the above referenced plans.",No,,,41.99054327,-71.32897045
Advancing Restoration & Resiliency Projects to Protect & Improve Narragansett Bay and its Watershed,Ten Mile River Dam Removal of the Pawtucket Country Club Dam,Save The Bay,BIL,Capacity-Building,Ongoing,2022,2023,100002,"Work with the consultant and project partners (RIDEM
and the Ten Mile River Watershed Council) to review the dam removal feasibility study; share results with
stakeholders, including the City of Pawtucket, the Town of Seekonk, and the Pawtucket Country Club; 
will apply for CRMC Trust Funds to support the conceptual design phase of this project and assess other
funding sources, including NOAA's Fish Passage funding for final engineering, permitting, and potential
construction.",No,,,41.87474843,-71.33983094
Advancing Restoration & Resiliency Projects to Protect & Improve Narragansett Bay and its Watershed,Hunt River Dam Removal,Save The Bay,BIL,Capacity-Building,Ongoing,2022,2023,100002,"Work with partners, including RIDEM, the Towns of North Kingstown and Warwick, and watershed advocates on assessing the feasibility of dam removal.",No,,,41.641111,-71.445
Advancing Restoration & Resiliency Projects to Protect & Improve Narragansett Bay and its Watershed,Runnins River and Hundred Acre Cove,Save The Bay,BIL,Capacity-Building,Ongoing,2022,2023,100002,Save the Bay and partners will begin the pre-implementation phase of a bi-state project to restore river connectivity and filled wetlands along the Runnins River in Seekonk and East Providence.,No,,,41.79907337,-71.3409544
Advancing Restoration & Resiliency Projects to Protect & Improve Narragansett Bay and its Watershed,Sam Wright Field,Save The Bay,BIL,Capacity-Building,Ongoing,2022,2023,100002,"Building upon a small floodplain restoration project, Save The Bay will work with the Town of Easton on additional habitat restoration opportunities to remove culverts and an old roadway restricting flow on Mulberry Meadow Brook, a tributary to the Canoe River.",No,,,42.01596495,-71.12315737
Advancing Restoration & Resiliency Projects to Protect & Improve Narragansett Bay and its Watershed,Annaquatucket/Lafayette Dam,Save The Bay,BIL,Capacity-Building,Ongoing,2022,2023,100002,"STB will work with partners - including a
willing dam owner - to secure funding for necessary site assessments and recon studies. This will help
assess potential complications and solutions to determine the feasibility of moving forward with the project.
STB will also develop connections with neighboring landowners, town partners, and businesses in nearby
public buildings to build support for the project.",No,,,41.57292528,-71.4865386
Advancing Restoration & Resiliency Projects to Protect & Improve Narragansett Bay and its Watershed,Shady Lea Impoundment Removal,Save The Bay,BIL,Capacity-Building,Ongoing,2022,2023,100002,"In 2018 Save The Bay partnered with RI DEM, NOAA, and the US Fish & Wildlife Service to remove the spillway at Shady Lea Mill and restore the Mattatuxet River in
North Kingstown. During the drawdown period of the project, an obstruction in the river, upstream of the dam,
was identified - a large stone structure that had been entirely underwater and buried in sediment before the restoration. Save the Bay will secure the conceptual designs from engineers and pull together all permitting materials to submit the permit applications for this
project.",No,,,41.5346095,-71.46393233
Advancing Restoration & Resiliency Projects to Protect & Improve Narragansett Bay and its Watershed,Providence Shoreline (Collier Point to Sassafrass Point),Save The Bay,BIL,Capacity-Building,Ongoing,2022,2023,100002,"The City of Providence and the Providence Resilience
Partnership have identified the industrial shoreline from Collier Point to Sassafrass Point to engage the community in a plan for improved public access and coastal habitats. Save The Bay has worked with project partners on grant development and initial plans for access and stormwater
improvement at Public Street, the one publicly controlled
section of the shoreline.",Yes,Point Location,,41.81296007,-71.40241144
Advancing Restoration & Resiliency Projects to Protect & Improve Narragansett Bay and its Watershed,Seekonk River Shoreline Restoration,Save The Bay,BIL,Capacity-Building,Ongoing,2022,2023,100002,"STB will work to secure a partnership with the City of Pawtucket to restore the shoreline along the Seekonk River at Max Read field. Restoration opportunities include bank regrading, intertidal marsh restoration, and public access enhancement. The site is adjacent to Varrier Elementary School. Work on this project will also help enhance STB's Explore The Bay Education Program work with Varrier Elementary School for future field-based programs.",Yes,Point Location,,41.86531325,-71.38189133
Advancing Restoration & Resiliency Projects to Protect & Improve Narragansett Bay and its Watershed,Gull Cove,Save The Bay,BIL,Capacity-Building,Ongoing,2022,2023,100002,"Save The Bay identified this coastal adaptation project in
2012 and worked with CRMC and RIDEM on securing conceptual designs to increase the site's resilience by moving the parking inland, managing stormwater, restoring shoreline habitat, and enhancing public access. With this award, Save The Bay will assist with moving the project to final design and permitting.",No,,,41.63405243,-71.23091199
Advancing Restoration & Resiliency Projects to Protect & Improve Narragansett Bay and its Watershed,Palmer River Marsh Migration Corridor,Save The Bay,BIL,Capacity-Building,Ongoing,2022,2023,100002,"STB will work with Swansea and Rehoboth to identify private property along the Massachusetts section of the Palmer River that has the potential for marsh migration and try to identify potential funding sources for land protection. STB will continue to collaborate with land trusts and municipalities in the RI section of the Palmer River on land
protection and stewardship.",No,,,41.76203402,-71.27023787
Advancing Restoration & Resiliency Projects to Protect & Improve Narragansett Bay and its Watershed,Galilee Salt Marsh,Save The Bay,BIL,Capacity-Building,Ongoing,2022,2023,100002,"The Galilee salt marsh is the site of a tidal restoration project during the 1990s. Self-regulating tide gates were installed to restore tidal flow to this restricted marsh, and the restoration has reduced the height and vigor of Phragmites. The state is reassessing the self-regulating tide gates. Save The Bay has assessed the marsh platform and identified agricultural embankments and ditch spoils that impound water on the marsh platform and cause marsh degradation.",Yes,Point Location,,41.37968133,-71.50182089
Advancing Restoration & Resiliency Projects to Protect & Improve Narragansett Bay and its Watershed,Bristol County Water Authority Pipeline Removal,Save The Bay,BIL,Capacity-Building,Ongoing,2022,2023,100002,"The Bristol County Water Authority's abandoned pipeline
from Shad Factory Pond in Rehoboth to their former water
treatment plant in Warren crosses the salt marsh on the
east side of the Palmer River. Save The Bay has worked with BCWA and the property owner that the pipeline crosses, the Swansea Country Club, on assessing the feasibility of removing the abandoned pipeline to help restore the marsh and remove this coastal hazard.",No,,,41.76037435,-71.28247183
Advancing Restoration & Resiliency Projects to Protect & Improve Narragansett Bay and its Watershed,Broad Cove Salt Marsh Restoration,Save The Bay,BIL,Capacity-Building,Ongoing,2022,2023,100002,"Agricultural and mosquito control activities have impacted this salt marsh's hydrology. The town of Dighton owns the marsh and borders the Taunton River. Save the Bay will work with project partners, including the Town of Dighton
and Bristol County Mosquito Control Project, to restore the
hydrology of the degraded salt marsh.",No,,,41.79791913,-71.12935066
Advancing Restoration & Resiliency Projects to Protect & Improve Narragansett Bay and its Watershed,Succotash and Potter's Pond Sediment Placement Project,Save The Bay,BIL,Capacity-Building,Ongoing,2022,2023,100002,"Save The Bay will collaborate with the Narragansett Bay Estuarine Research Reserve on a marsh assessment
of the Potters Pond and Succotash marshes to develop a sediment placement plan. Activities will include site assessments, potential restoration monitoring design, pre-restoration monitoring, developing target elevations, and identifying areas and techniques for sediment placement.",No,,,41.37898546,-71.52546307
Advancing Restoration & Resiliency Projects to Protect & Improve Narragansett Bay and its Watershed,Rocky Point and Warwick Shoreline Restoration,Save The Bay,BIL,Capacity-Building,Ongoing,2022,2023,100002,"Save The Bay has identified potential coastal adaptation
projects along Warwick's coastline, including removing a
culvert restricting marsh migration at Rocky Point and
moving a footpath crossing a marsh inland. Save The Bay has collaborated with the City on end-of-road retrofits and has identified additional sites to retrofit to improve coastal
resiliency.",No,,,41.69065125,-71.36700117
Advancing Restoration & Resiliency Projects to Protect & Improve Narragansett Bay and its Watershed,Upper Woonasquatucket Watershed Assessment,Save The Bay,BIL,Capacity-Building,Ongoing,2022,2023,100002,"Save The Bay will review past watershed assessments, identify culverts needing repair/expansion, and identify potential project sites that suffer from aquatic flooding. Save The Bay will create connections in these towns, participate in Municipal Resilience Program workshops, encourage North Smithfield to plan for resilience
and work with municipal staff to identify solutions to poorly functioning culverts. Save the Bay will collaborate with local municipalities, the Woonasquatucket River Watershed Council, and landowners to secure partnerships and identify funding sources (including Municipal Resilience Program Action grants).",No,,,41.93565635,-71.5526365
Project Development in the Upper Taunton River Watershed,Encourage nature-based solutions throughout the Upper Taunton River Watershed,Old Colony Planning Council,BIL,Capacity-Building,Ongoing,2022,2023,75000,"Nature-based solutions (NBS) are uncommon in the project area. OCPC is working to raise awareness of what NBS are and how to implement them. OCPC aims to promote NBS in its communities, equipping decisionmakers with helpful resources and building their capacity in other ways. In partnership with the SNEP Network, SRPEDD, NBEP, and others, OCPC held a two-part series (webinar and in-person workshop), called Funding Nature-based Community Resilience in Southeastern Massachusetts, in February 2023 that showcased funding opportunities for NBS and helped municipalities match project ideas with appropriate funding programs.",Yes,Point Location,,41.98898688,-70.96619322
Project Development in the Upper Taunton River Watershed,Avon Municipal Vulnerability Preparedness Action Grant Support,Old Colony Planning Council,BIL,Capacity-Building,Ongoing,2022,2023,75000,"The Town of Avon, the northernmost municipality in the Taunton River Watershed applied for a Municipal Vulnerability Preparedness Action Grant in Spring 2023. OCPC supported the town in identifying suitable projects, developing expressions of interest, and developing the grant application.",No,,,42.11962144,-71.04828654
Project Development in the Upper Taunton River Watershed,EPA Brownfields Assessment Grant Application,Old Colony Planning Council,BIL,Capacity-Building,Ongoing,2022,2023,75000,"The Upper Taunton River Watershed area has many abandoned brownfields sites with unpaid taxes, vacant and underutilized decaying buildings, and plumes of contamination threatening soil, groundwater, air, sensitive ecosystems, and drinking water supplies. Engaging with municipalities, OCPC identified three priority sites for clean-up and collaborated to submit an assessment grant application to the U.S. Environmental Protection Agency for Crofoot Gear in Easton, MA, South Hanson Village in Hanson, MA, and Regal Shoe Factory in Whitman.",No,,,42.08061685,-70.93639323
Project Development in the Upper Taunton River Watershed,Master Plan for D.W. Field Park,Old Colony Planning Council,BIL,Capacity-Building,Ongoing,2022,2023,75000,"OCPC has partnered with the City of Brockton, the Town of Avon, and Wildlands Trust to develop a master plan for the improvement of D.W. Field Park. D.W. is Brockton's largest park, shared with the Town of Avon, and listed on the National and State Registers of Historic Places. Revitalization projects developed through the master planning project will improve water quality, climate resilience, and wildlife habitat, while also promoting accessibility and expanding outdoor recreational opportunities. More information is available at https://wildlandstrust.org/dwfieldpark.",Yes,Point Location,,42.10208141,-71.04177625
Project Development in the Upper Taunton River Watershed,Addressing Stormwater with Natural Infrastructure in Southeastern MA Justice40/Environmental Justice Communities,Old Colony Planning Council,BIL,Capacity-Building,Ongoing,2022,2023,75000,"OCPC has partnered with the nonprofit Low Impact Development Center (LID Center) to submit a grant application to the EPA for a project that will (a) develop three 30-60% NBS designs to address stormwater flooding and (b) increase the capacity of local governments to fund and implement green infrastructure and nature-based solutions. OCPC and LID Center will work in direct partnership with the Environmental Justice and Justice40 communities of Avon, Brockton, and Stoughton.",Yes,Point Location,,42.08339568,-71.01802402
Project Development in the Upper Taunton River Watershed,Advancing sustainable and equitable land use decisions in Abington,Old Colony Planning Council,BIL,Capacity-Building,Ongoing,2022,2023,75000,"The Town of Avon has requested OCPC’s support in developing an Open Space and Recreation Plan for the community, which has an active Open Space Committee eager to apply for grants to advance public access and habitat restoration and protection. OCPC will provide technical support under the District Local Technical Assistance in 2024.",No,,,42.11785552,-71.05356128
